"Data","Lançamento","Categoria","Tipo","Valor"
"09/11/2024","Workmeatacougue","SUPERMERCADO","Compra à vista","R$ 118,01"
"09/11/2024","Mercado Sempre Mais Lt","SUPERMERCADO","Compra à vista","R$ 37,68"
"07/11/2024","Caristo Farma Drogaria Sao Paulo     Bra","DROGARIA","Compra à vista","R$ 52,99"
"05/11/2024","Pagamento De Fatura","OUTROS","Compra à vista","-R$ 3.547,66"
"05/11/2024","Mercado Sempre Mais Lt Sao Paulo     Bra","SUPERMERCADO","Compra à vista","R$ 23,90"
"05/11/2024","Rocha Servicos De Barb Sao Paulo     Bra","OUTROS","Compra à vista","R$ 40,00"
"03/11/2024","Milenaoliveira         Osasco        Bra","SUPERMERCADO","Compra à vista","R$ 20,00"
"03/11/2024","Mercado Sempre Mais Lt Sao Paulo     Bra","SUPERMERCADO","Compra à vista","R$ 133,94"
"03/11/2024","Almodovar Bomboniere   Sao Paulo     Bra","RESTAURANTES","Compra à vista","R$ 27,00"
"03/11/2024","Lanchonetee            Sao Paulo     Bra","RESTAURANTES","Compra à vista","R$ 29,00"
"03/11/2024","Iof Internacional","OUTROS","Compra à vista","R$ 2,49"
"03/11/2024","Steamgames.com 4259522 Bellevue      Wa","OUTROS","Compra à vista","R$ 56,90"
"03/11/2024","Nacholitas Cantareira  Sao Paulo     Bra","RESTAURANTES","Compra à vista","R$ 60,00"
"03/11/2024","Belas Artes            Sao Paulo     Bra","OUTROS","Compra à vista","R$ 36,00"
"02/11/2024","Ifd*mi Madre Tatuape L Sao Paulo     Bra","RESTAURANTES","Compra à vista","R$ 68,89"
"02/11/2024","Google Wm Max Llc      Sao Paulo     Bra","OUTROS","Compra à vista","R$ 39,90"
"02/11/2024","Curry's                Sao Paulo     Bra","RESTAURANTES","Compra à vista","R$ 106,70"
"02/11/2024","Cinemark Eldorado      Sao Paulo     Bra","CULTURA","Compra à vista","R$ 72,00"
"01/11/2024","Hirota Grand Club Tatu Sao Paulo     Bra","SUPERMERCADO","Compra à vista","R$ 19,44"
"01/11/2024","Pague Menos            Sao Paulo     Bra","DROGARIA","Compra à vista","R$ 52,49"
"31/10/2024","Rhn                    Sao Paulo     Bra","CULTURA","Compra à vista","R$ 15,00"
"31/10/2024","Uber Uber *trip Help.u Sao Paulo     Bra","TRANSPORTE","Compra à vista","R$ 20,65"
"31/10/2024","Uber   *uber   *trip   Sao Paulo     Bra","TRANSPORTE","Compra à vista","R$ 24,93"
"30/10/2024","Rhn                    Sao Paulo     Bra","CULTURA","Compra à vista","R$ 14,00"
"29/10/2024","Odeteaparecida         Sao Paulo     Bra","OUTROS","Compra à vista","R$ 12,00"
"29/10/2024","Mp *lmmfrutas          Osasco        Bra","COMPRAS","Compra à vista","R$ 6,00"
"29/10/2024","Smart Solutions        Sao Paulo     Bra","VESTUARIO","Compra à vista","R$ 114,90"
"29/10/2024","Maryanecomeriode       Sao Paulo     Bra","SUPERMERCADO","Compra à vista","R$ 25,00"
"29/10/2024","Odeteaparecida         Sao Paulo     Bra","OUTROS","Compra à vista","R$ 11,99"
"29/10/2024","Hirota Grand Club Tatu Sao Paulo     Bra","SUPERMERCADO","Compra à vista","R$ 11,09"
"29/10/2024","Verduras Fava          Suzano        Bra","SUPERMERCADO","Compra à vista","R$ 8,00"
"29/10/2024","Sacolao Arapoca        Sao Paulo     Bra","SUPERMERCADO","Compra à vista","R$ 7,00"
"29/10/2024","Fernando Me            Sao Paulo     Bra","SUPERMERCADO","Compra à vista","R$ 89,00"
"27/10/2024","Ifd*lamiaparmig732e518 Sao Paulo     Bra","SUPERMERCADO","Compra à vista","R$ 55,89"
"27/10/2024","Mercado Sempre Mais Lt Sao Paulo     Bra","SUPERMERCADO","Compra à vista","R$ 100,48"
"27/10/2024","Hirota Grand Club Tatu Sao Paulo     Bra","SUPERMERCADO","Compra à vista","R$ 6,65"
"26/10/2024","Pague Menos","DROGARIA","Compra à vista","R$ 205,39"
"26/10/2024","Ifood  *ifd*nine Nine  Vila Yara Osa Bra","SUPERMERCADO","Compra à vista","R$ 113,70"
"25/10/2024","Uber   *uber   *trip   Sao Paulo     Bra","TRANSPORTE","Compra à vista","R$ 15,97"
"25/10/2024","Hirota Grand Club Tatu Sao Paulo     Bra","SUPERMERCADO","Compra à vista","R$ 4,45"
"25/10/2024","Rhn                    Sao Paulo     Bra","CULTURA","Compra à vista","R$ 24,00"
"25/10/2024","Uber   *uber   *trip   Sao Paulo     Bra","TRANSPORTE","Compra à vista","R$ 15,97"
"25/10/2024","Sweetco                Sao Paulo     Bra","SUPERMERCADO","Compra à vista","R$ 11,90"
"24/10/2024","Antoniocarlosjose      Sao Paulo     Bra","SUPERMERCADO","Compra à vista","R$ 19,00"
"24/10/2024","App    *astroworld","OUTROS","Compra à vista","R$ 176,34"
"24/10/2024","Rhn                    Sao Paulo     Bra","CULTURA","Compra à vista","R$ 24,00"
"23/10/2024","Ricardogomesde         Sao Paulo     Bra","RESTAURANTES","Compra à vista","R$ 14,00"
"23/10/2024","Rhn                    Sao Paulo     Bra","CULTURA","Compra à vista","R$ 24,00"
"23/10/2024","Rhn                    Sao Paulo     Bra","CULTURA","Compra à vista","R$ 3,00"
"22/10/2024","Pague Menos","DROGARIA","Compra à vista","R$ 228,90"
"22/10/2024","Ifd*restaurante E Lanc Sao Paulo     Bra","RESTAURANTES","Compra à vista","R$ 22,54"
"22/10/2024","Hirota Grand Club Tatu Sao Paulo     Bra","SUPERMERCADO","Compra à vista","R$ 11,09"
"22/10/2024","Uber   *uber   *trip   Sao Paulo     Bra","TRANSPORTE","Compra à vista","R$ 12,91"
"22/10/2024","Ifd*mario Cesar Santos Sao Paulo     Bra","OUTROS","Compra à vista","R$ 39,90"
"22/10/2024","Uber   *uber   *trip   Sao Paulo     Bra","TRANSPORTE","Compra à vista","R$ 15,94"
"22/10/2024","Mercado Sempre Mais Lt Sao Paulo     Bra","SUPERMERCADO","Compra à vista","R$ 126,88"
"21/10/2024","Hirota Grand Club Tatu Sao Paulo     Bra","SUPERMERCADO","Compra à vista","R$ 13,98"
"21/10/2024","Hirota Grand Club Tatu Sao Paulo     Bra","SUPERMERCADO","Compra à vista","R$ 39,97"
"21/10/2024","Hirota Grand Club Tatu Sao Paulo     Bra","SUPERMERCADO","Compra à vista","R$ 19,84"
"21/10/2024","Hirota Grand Club Tatu Sao Paulo     Bra","SUPERMERCADO","Compra à vista","R$ 13,35"
"20/10/2024","Uber   *uber   *trip   Sao Paulo     Bra","TRANSPORTE","Compra à vista","R$ 40,90"
"20/10/2024","Morango E Acai         Sao Paulo     Bra","RESTAURANTES","Compra à vista","R$ 37,00"
"20/10/2024","Hirota Grand Club Tatu Sao Paulo     Bra","SUPERMERCADO","Compra à vista","R$ 17,80"
"19/10/2024","Hirota Grand Club Tatu Sao Paulo     Bra","SUPERMERCADO","Compra à vista","R$ 10,45"
"17/10/2024","Rhn                    Sao Paulo     Bra","CULTURA","Compra à vista","R$ 14,00"
"17/10/2024","Hirota Grand Club Tatu Sao Paulo     Bra","SUPERMERCADO","Compra à vista","R$ 9,45"
"16/10/2024","Ricardo Gomes De Mace  Sao Paulo     Bra","RESTAURANTES","Compra à vista","R$ 28,00"
"15/10/2024","Mp *bancadomontanha    Osasco        Bra","SUPERMERCADO","Compra à vista","R$ 10,00"
"15/10/2024","17.340.397 Roberio Cl  Sao Paulo     Bra","SUPERMERCADO","Compra à vista","R$ 10,00"
"15/10/2024","Thainaradefreitas      Sao Paulo     Bra","SUPERMERCADO","Compra à vista","R$ 5,00"
"15/10/2024","Mvcomerciodeovos       Sao Paulo     Bra","SUPERMERCADO","Compra à vista","R$ 20,00"
"15/10/2024","Lmmfrutas              So Paulo      Bra","COMPRAS","Compra à vista","R$ 10,00"
"15/10/2024","Luciervas              Sao Paulo     Bra","VESTUARIO","Compra à vista","R$ 23,00"
"15/10/2024","Hirota Grand Club Tatu Sao Paulo     Bra","SUPERMERCADO","Compra à vista","R$ 5,55"
"15/10/2024","Mercado Sempre Mais Lt Sao Paulo     Bra","SUPERMERCADO","Compra à vista","R$ 16,98"
"14/10/2024","Hirota Grand Club Tatu Sao Paulo     Bra","SUPERMERCADO","Compra à vista","R$ 19,44"
"14/10/2024","Amazon Br              Sao Paulo     Bra","VESTUARIO","Compra à vista","R$ 97,30"
"14/10/2024","Mercado Sempre Mais Lt Sao Paulo     Bra","SUPERMERCADO","Compra à vista","R$ 23,94"
"13/10/2024","Amazon Marketplace","VESTUARIO","Compra à vista","R$ 238,00"
"12/10/2024","Hirota Grand Club Tatu Sao Paulo     Bra","SUPERMERCADO","Compra à vista","R$ 13,35"
"12/10/2024","Workmeatacougue        Sao Paulo     Bra","SUPERMERCADO","Compra à vista","R$ 151,72"
"12/10/2024","Ifd*restaurante Arequi Sao Paulo     Bra","RESTAURANTES","Compra à vista","R$ 28,90"
"12/10/2024","Hirota Grand Club Tatu Sao Paulo     Bra","SUPERMERCADO","Compra à vista","R$ 9,45"
"10/10/2024","Ifd*gomes Sanchez Hamb Sao Paulo     Bra","RESTAURANTES","Compra à vista","R$ 57,90"
"10/10/2024","Hirota Grand Club Tatu Sao Paulo     Bra","SUPERMERCADO","Compra à vista","R$ 4,45"
"09/10/2024","Ricardo Gomes De Mace  Sao Paulo     Bra","RESTAURANTES","Compra à vista","R$ 16,00"
"08/10/2024","Mercado Sempre Mais Lt Sao Paulo     Bra","SUPERMERCADO","Compra à vista","R$ 18,32"
"07/10/2024","Pagamento De Fatura","OUTROS","Compra à vista","-R$ 2.000,00"
"07/10/2024","Antoniocarlosjose      Sao Paulo     Bra","SUPERMERCADO","Compra à vista","R$ 19,00"
"07/10/2024","Hirota Grand Club Tatu Sao Paulo     Bra","SUPERMERCADO","Compra à vista","R$ 31,63"
"07/10/2024","Reino Do Artesanato    Sao Paulo     Bra","CONSTRUCAO","Compra à vista","R$ 58,00"
"06/10/2024","Uber   *uber   *trip   Sao Paulo     Bra","TRANSPORTE","Compra à vista","R$ 14,35"
"06/10/2024","Pague Menos            Sao Paulo     Bra","DROGARIA","Compra à vista","R$ 160,44"
"06/10/2024","Uber   *uber   *trip   Sao Paulo     Bra","TRANSPORTE","Compra à vista","R$ 15,50"
"06/10/2024","Dona Deola             Sao Paulo     Bra","SUPERMERCADO","Compra à vista","R$ 9,50"
"05/10/2024","Ifd*rdp Restaurantes L Sao Paulo     Bra","SUPERMERCADO","Compra à vista","R$ 59,90"
"05/10/2024","Workmeatacougue        Sao Paulo     Bra","SUPERMERCADO","Compra à vista","R$ 59,58"
"04/10/2024","Rhn                    Sao Paulo     Bra","CULTURA","Compra à vista","R$ 14,00"
"04/10/2024","Rhn                    Sao Paulo     Bra","CULTURA","Compra à vista","R$ 24,00"
"04/10/2024","Pagamento On Line","OUTROS","Compra à vista","-R$ 784,51"
"03/10/2024","Rocha Servicos De Barb Sao Paulo     Bra","OUTROS","Compra à vista","R$ 40,00"
"03/10/2024","Ifd*el Caquito Comida  Sao Paulo     Bra","RESTAURANTES","Compra à vista","R$ 29,90"
"02/10/2024","Google Wm Max Llc      Sao Paulo     Bra","OUTROS","Compra à vista","R$ 39,90"
"02/10/2024","Pague Menos            Sao Paulo     Bra","DROGARIA","Compra à vista","R$ 77,28"
"02/10/2024","Rhn                    Sao Paulo     Bra","CULTURA","Compra à vista","R$ 29,00"
"02/10/2024","Uber   *uber   *trip   Sao Paulo     Bra","TRANSPORTE","Compra à vista","R$ 14,10"
"02/10/2024","Uber   *uber   *trip   Sao Paulo     Bra","TRANSPORTE","Compra à vista","R$ 9,93"
"01/10/2024","Mercado Sempre Mais Lt Sao Paulo     Bra","SUPERMERCADO","Compra à vista","R$ 57,48"
"01/10/2024","Hirota Grand Club Tatu Sao Paulo     Bra","SUPERMERCADO","Compra à vista","R$ 14,98"
"01/10/2024","Jose Luiz Hernandes A  Sao Paulo     Bra","SUPERMERCADO","Compra à vista","R$ 35,00"
"01/10/2024","Beneditohelio          Sao Paulo     Bra","OUTROS","Compra à vista","R$ 25,00"
"01/10/2024","Odeteaparecida         Sao Paulo     Bra","OUTROS","Compra à vista","R$ 11,00"
"01/10/2024","Mercado Sempre Mais Lt Sao Paulo     Bra","SUPERMERCADO","Compra à vista","R$ 79,51"
"01/10/2024","Gleison Cordeiro Da Cr","SAUDE","Compra à vista","R$ 530,00"
"01/10/2024","Reino Do Artesanato    Sao Paulo     Bra","CONSTRUCAO","Compra à vista","R$ 36,00"
"01/10/2024","Agg                    Sao Paulo     Bra","SUPERMERCADO","Compra à vista","R$ 5,00"
"01/10/2024","Antonioluiz            Sao Paulo     Bra","OUTROS","Compra à vista","R$ 3,00"
"30/09/2024","Ifd*mario Cesar Santos Sao Paulo     Bra","OUTROS","Compra à vista","R$ 39,90"
"30/09/2024","Hirota Grand Club Tatu Sao Paulo     Bra","SUPERMERCADO","Compra à vista","R$ 19,65"
"29/09/2024","Ifd*mi Madre Tatuape L Sao Paulo     Bra","RESTAURANTES","Compra à vista","R$ 124,40"
"29/09/2024","Hirota Grand Club Tatu Sao Paulo     Bra","SUPERMERCADO","Compra à vista","R$ 30,36"
"28/09/2024","Hirota Grand Club Tatu Sao Paulo     Bra","SUPERMERCADO","Compra à vista","R$ 21,24"
"28/09/2024","Antoniocarlosjose      Sao Paulo     Bra","SUPERMERCADO","Compra à vista","R$ 18,00"
"28/09/2024","Ifd*dtm Chicken Restau Sao Paulo     Bra","RESTAURANTES","Compra à vista","R$ 62,89"
"28/09/2024","Hirota Grand Club Tatu Sao Paulo     Bra","SUPERMERCADO","Compra à vista","R$ 8,75"
"28/09/2024","Mercado Sempre Mais Lt Sao Paulo     Bra","SUPERMERCADO","Compra à vista","R$ 15,58"
"27/09/2024","Ricardogomesde         Sao Paulo     Bra","RESTAURANTES","Compra à vista","R$ 31,50"
"27/09/2024","Uber   *uber   *trip   Sao Paulo     Bra","TRANSPORTE","Compra à vista","R$ 8,54"
"26/09/2024","Hirota Grand Club Tatu Sao Paulo     Bra","SUPERMERCADO","Compra à vista","R$ 10,35"
"26/09/2024","Ifd*restaurante Arequi Sao Paulo     Bra","RESTAURANTES","Compra à vista","R$ 28,90"
"25/09/2024","Ricardogomesde         Sao Paulo     Bra","RESTAURANTES","Compra à vista","R$ 24,00"
"24/09/2024","Jorgeluciodasilva      Sao Paulo     Bra","OUTROS","Compra à vista","R$ 25,00"
"24/09/2024","Thainaradefreitas      Sao Paulo     Bra","SUPERMERCADO","Compra à vista","R$ 12,00"
"24/09/2024","Luciervas              Sao Paulo     Bra","VESTUARIO","Compra à vista","R$ 20,00"
"24/09/2024","Agg                    Sao Paulo     Bra","SUPERMERCADO","Compra à vista","R$ 10,00"
"24/09/2024","Dafineetsuko           Mogi Das Cruz Bra","OUTROS","Compra à vista","R$ 4,00"
"24/09/2024","Priscilla              Sao Paulo     Bra","OUTROS","Compra à vista","R$ 35,00"
"23/09/2024","Mercado Sempre Mais Lt Sao Paulo     Bra","SUPERMERCADO","Compra à vista","R$ 14,33"
"22/09/2024","Bar E Lanches Morango  Sao Paulo     Bra","RESTAURANTES","Compra à vista","R$ 50,50"
"21/09/2024","Mercado Sempre Mais Lt Sao Paulo     Bra","SUPERMERCADO","Compra à vista","R$ 50,32"
"21/09/2024","Mercado Sempre Mais Lt Sao Paulo     Bra","SUPERMERCADO","Compra à vista","R$ 28,28"
"20/09/2024","Mercado Sempre Mais Lt Sao Paulo     Bra","SUPERMERCADO","Compra à vista","R$ 76,63"
"20/09/2024","Ricardo Gomes De Mace  Sao Paulo     Bra","RESTAURANTES","Compra à vista","R$ 13,00"
"20/09/2024","Drive Barbearia Tatuap Sao Paulo     Bra","OUTROS","Compra à vista","R$ 60,00"
"20/09/2024","Supermercado Rossi     Sao Paulo     Bra","SUPERMERCADO","Compra à vista","R$ 6,98"
"19/09/2024","Rhn                    Sao Paulo     Bra","CULTURA","Compra à vista","R$ 14,00"
"19/09/2024","Hirota Grand Club Tatu Sao Paulo     Bra","SUPERMERCADO","Compra à vista","R$ 14,03"
"17/09/2024","Evelyn Flores          Guarulhos     Bra","OUTROS","Compra à vista","R$ 20,00"
"17/09/2024","Comercio De Alimentos  Sao Paulo     Bra","SUPERMERCADO","Compra à vista","R$ 10,00"
"16/09/2024","Mercado Sempre Mais Lt Sao Paulo     Bra","SUPERMERCADO","Compra à vista","R$ 100,66"
"16/09/2024","Iof Internacional","OUTROS","Compra à vista","R$ 0,80"
"16/09/2024","Acougue                Sao Paulo     Bra","SUPERMERCADO","Compra à vista","R$ 100,63"
"16/09/2024","Uber   *uber   *trip   Sao Paulo     Bra","TRANSPORTE","Compra à vista","R$ 10,59"
"16/09/2024","Hirota Grand Club Tatu Sao Paulo     Bra","SUPERMERCADO","Compra à vista","R$ 8,75"
"15/09/2024","Elettrica Comercio De  Sao Paulo     Bra","RESTAURANTES","Compra à vista","R$ 80,00"
"15/09/2024","Mercado Sempre Mais Lt Sao Paulo     Bra","SUPERMERCADO","Compra à vista","R$ 111,07"
"15/09/2024","Caristo Farma Drogaria Sao Paulo     Bra","DROGARIA","Compra à vista","R$ 25,99"
"14/09/2024","Ifd*mi Madre Tatuape L Sao Paulo     Bra","RESTAURANTES","Compra à vista","R$ 48,90"
"14/09/2024","Mercado Sempre Mais Lt Sao Paulo     Bra","SUPERMERCADO","Compra à vista","R$ 54,59"
"13/09/2024","Ricardogomesde         Sao Paulo     Bra","RESTAURANTES","Compra à vista","R$ 22,00"
"12/09/2024","Uber   *uber   *trip   Sao Paulo     Bra","TRANSPORTE","Compra à vista","R$ 14,96"
"12/09/2024","Uber Uber *trip Help.u Sao Paulo     Bra","TRANSPORTE","Compra à vista","R$ 3,62"
"12/09/2024","Cafe E Salg Quero Mais Sao Paulo     Bra","RESTAURANTES","Compra à vista","R$ 27,90"
"12/09/2024","Steam Purchase         Seattle       Deu","OUTROS","Compra à vista","R$ 18,29"
"12/09/2024","Ifd*geovania Soares Da Sao Paulo     Bra","RESTAURANTES","Compra à vista","R$ 48,98"
"12/09/2024","Hirota Grand Club Tatu Sao Paulo     Bra","SUPERMERCADO","Compra à vista","R$ 13,98"
"12/09/2024","Uber   *uber   *trip   Sao Paulo     Bra","TRANSPORTE","Compra à vista","R$ 5,25"
"11/09/2024","Rhn                    Sao Paulo     Bra","CULTURA","Compra à vista","R$ 21,00"
"11/09/2024","Hirota Grand Club Tatu Sao Paulo     Bra","SUPERMERCADO","Compra à vista","R$ 29,44"
"09/09/2024","Mercado Sempre Mais Lt Sao Paulo     Bra","SUPERMERCADO","Compra à vista","R$ 58,32"
"09/09/2024","Hirota Grand Club Tatu Sao Paulo     Bra","SUPERMERCADO","Compra à vista","R$ 14,63"
"09/09/2024","Uber   *uber   *trip   Sao Paulo     Bra","TRANSPORTE","Compra à vista","R$ 24,99"
"09/09/2024","Ifd*rdp Restaurantes L Sao Paulo     Bra","SUPERMERCADO","Compra à vista","R$ 64,90"
"08/09/2024","Hirota Grand Club Tatu Sao Paulo     Bra","SUPERMERCADO","Compra à vista","R$ 22,89"
"08/09/2024","Pague Menos            Sao Paulo     Bra","DROGARIA","Compra à vista","R$ 65,50"
"08/09/2024","Pagamento On Line","OUTROS","Compra à vista","-R$ 70,00"
"07/09/2024","Vq18 Ltda              Sao Paulo     Bra","RESTAURANTES","Compra à vista","R$ 103,71"
"07/09/2024","Ifd*animax Fast-food E Sao Paulo     Bra","RESTAURANTES","Compra à vista","R$ 6,70"
"07/09/2024","Smarketplace Servicos  Sao Paulo     Bra","OUTROS","Compra à vista","R$ 10,00"
"07/09/2024","Cinemark Santa Cruz    Sao Paulo     Bra","CULTURA","Compra à vista","R$ 46,00"
"06/09/2024","Academia Modelar","ENTRETENIMENTO","Compra à vista","R$ 1.078,80"
"06/09/2024","Pague Menos            Sao Paulo     Bra","DROGARIA","Compra à vista","R$ 60,87"
"06/09/2024","Ponto De Encontro Sal  Sao Paulo     Bra","RESTAURANTES","Compra à vista","R$ 18,40"
"06/09/2024","Hirota Grand Club Tatu Sao Paulo     Bra","SUPERMERCADO","Compra à vista","R$ 41,44"
"06/09/2024","Uber   *uber   *trip   Sao Paulo     Bra","TRANSPORTE","Compra à vista","R$ 11,70"
"05/09/2024","Pagamento De Fatura","OUTROS","Compra à vista","-R$ 3.614,55"
"02/09/2024","Mercado Sempre Mais Lt Sao Paulo     Bra","SUPERMERCADO","Compra à vista","R$ 100,51"
"02/09/2024","Uber   *uber   *trip   Sao Paulo     Bra","TRANSPORTE","Compra à vista","R$ 10,94"
"02/09/2024","Google Wm Max Llc      Sao Paulo     Bra","OUTROS","Compra à vista","R$ 39,90"
"02/09/2024","Workmeatacougue        Sao Paulo     Bra","SUPERMERCADO","Compra à vista","R$ 105,72"
"02/09/2024","Dia Brasil Lj 94       Sao Paulo     Bra","SUPERMERCADO","Compra à vista","R$ 93,24"
"01/09/2024","Ifd*haya Falafel Mooca Sao Paulo     Bra","SUPERMERCADO","Compra à vista","R$ 100,99"
"31/08/2024","Hirota Grand Club Tatu Sao Paulo     Bra","SUPERMERCADO","Compra à vista","R$ 18,90"
"31/08/2024","Uber   *uber   *trip   Sao Paulo     Bra","TRANSPORTE","Compra à vista","R$ 8,39"
"31/08/2024","Bobs Tatuape           Sao Paulo     Bra","RESTAURANTES","Compra à vista","R$ 17,00"
"31/08/2024","Jeronimotatuape        Sao Paulo     Bra","RESTAURANTES","Compra à vista","R$ 54,10"
"31/08/2024","Cafe E Salg Quero Mais Sao Paulo     Bra","RESTAURANTES","Compra à vista","R$ 15,90"
"31/08/2024","Mercado Sempre Mais Lt Sao Paulo     Bra","SUPERMERCADO","Compra à vista","R$ 27,15"
"30/08/2024","Mercado Sempre Mais Lt Sao Paulo     Bra","SUPERMERCADO","Compra à vista","R$ 21,27"
"30/08/2024","Hirota Grand Club Tatu Sao Paulo     Bra","SUPERMERCADO","Compra à vista","R$ 25,10"
"28/08/2024","Ifd*rdp Restaurantes L Sao Paulo     Bra","SUPERMERCADO","Compra à vista","R$ 91,80"
"27/08/2024","Pague Menos            Sao Paulo     Bra","DROGARIA","Compra à vista","R$ 59,23"
"27/08/2024","Ifd*dtm Chicken Restau Sao Paulo     Bra","RESTAURANTES","Compra à vista","R$ 109,29"
"26/08/2024","Uber   *uber   *trip   Sao Paulo     Bra","TRANSPORTE","Compra à vista","R$ 10,94"
"26/08/2024","Hirota Grand Club Tatu Sao Paulo     Bra","SUPERMERCADO","Compra à vista","R$ 8,75"
"25/08/2024","Caristo Farma Drogaria Sao Paulo     Bra","DROGARIA","Compra à vista","R$ 98,97"
"23/08/2024","Ifd*explorer Restauran Sao Paulo     Bra","RESTAURANTES","Compra à vista","R$ 30,90"
"23/08/2024","Mercado Sempre Mais Lt Sao Paulo     Bra","SUPERMERCADO","Compra à vista","R$ 67,46"
"20/08/2024","Embala Tudo Comercio D Sao Paulo     Bra","COMPRAS","Compra à vista","R$ 18,90"
"20/08/2024","Ricardo Gomes De Mace  Sao Paulo     Bra","RESTAURANTES","Compra à vista","R$ 14,00"
"18/08/2024","Amazon Marketplace     Sao Paulo     Bra","VESTUARIO","Compra à vista","R$ 59,90"
"18/08/2024","Momo Lamen             Sao Paulo     Bra","RESTAURANTES","Compra à vista","R$ 72,60"
"18/08/2024","Li2 Liberdade 2        Sao Paulo     Bra","RESTAURANTES","Compra à vista","R$ 15,90"
"18/08/2024","Mercado Sempre Mais Lt Sao Paulo     Bra","SUPERMERCADO","Compra à vista","R$ 231,80"
"17/08/2024","Ponto De Encontro Sal  Sao Paulo     Bra","RESTAURANTES","Compra à vista","R$ 26,90"
"17/08/2024","Ifd*el Caquito Comida  Sao Paulo     Bra","RESTAURANTES","Compra à vista","R$ 37,89"
"17/08/2024","Uber   *uber   *trip   Sao Paulo     Bra","TRANSPORTE","Compra à vista","R$ 48,99"
"17/08/2024","Ifd*restaurante Arequi Sao Paulo     Bra","RESTAURANTES","Compra à vista","R$ 67,80"
"17/08/2024","Espetinhos             Cotia         Bra","OUTROS","Compra à vista","R$ 5,00"
"16/08/2024","Popeyes                Sao Paulo     Bra","RESTAURANTES","Compra à vista","R$ 43,00"
"15/08/2024","Rhn                    Sao Paulo     Bra","CULTURA","Compra à vista","R$ 14,00"
"15/08/2024","Mp *alipaybrasil       So Paulo      Bra","OUTROS","Compra à vista","R$ 149,22"
"15/08/2024","Drive Barbearia Tatuap Sao Paulo     Bra","OUTROS","Compra à vista","R$ 60,00"
"15/08/2024","Hirota Grand Club Tatu Sao Paulo     Bra","SUPERMERCADO","Compra à vista","R$ 8,75"
"15/08/2024","Mp *megalicencas       So Paulo      Bra","COMPRAS","Compra à vista","R$ 89,00"
"15/08/2024","Construdec2            Sao Paulo     Bra","CONSTRUCAO","Compra à vista","R$ 18,00"
"14/08/2024","Uber   *uber   *trip   Sao Paulo     Bra","TRANSPORTE","Compra à vista","R$ 14,91"
"14/08/2024","Uber   *uber   *trip   Sao Paulo     Bra","TRANSPORTE","Compra à vista","R$ 16,92"
"13/08/2024","Ifd*pitaya Delivery E  Sao Paulo     Bra","SUPERMERCADO","Compra à vista","R$ 43,80"
"13/08/2024","Uber   *uber   *trip   Sao Paulo     Bra","TRANSPORTE","Compra à vista","R$ 12,96"
"13/08/2024","Mercado Sempre Mais Lt Sao Paulo     Bra","SUPERMERCADO","Compra à vista","R$ 87,06"
"13/08/2024","Uber   *uber   *trip   Sao Paulo     Bra","TRANSPORTE","Compra à vista","R$ 14,96"
"13/08/2024","Pague Menos            Sao Paulo     Bra","DROGARIA","Compra à vista","R$ 144,99"
"12/08/2024","Mercado Sempre Mais Lt Sao Paulo     Bra","SUPERMERCADO","Compra à vista","R$ 78,30"
"11/08/2024","Hirota Grand Club Tatu Sao Paulo     Bra","SUPERMERCADO","Compra à vista","R$ 23,73"
"11/08/2024","Carrefour Boulevar     Sao Paulo     Bra","SUPERMERCADO","Compra à vista","R$ 12,21"
"11/08/2024","Uber   *uber   *trip   Sao Paulo     Bra","TRANSPORTE","Compra à vista","R$ 7,17"
"10/08/2024","Ifd*jcf Alimentos Ltda Sao Paulo     Bra","RESTAURANTES","Compra à vista","R$ 67,39"
"09/08/2024","Nazario                Sao Paulo     Bra","SUPERMERCADO","Compra à vista","R$ 7,00"
"09/08/2024","Amazon Br              Sao Paulo     Bra","VESTUARIO","Compra à vista","R$ 38,97"
"08/08/2024","Ifd*mi Madre Tatuape L Sao Paulo     Bra","RESTAURANTES","Compra à vista","R$ 44,50"
"08/08/2024","Antoniocarlosjose      Sao Paulo     Bra","SUPERMERCADO","Compra à vista","R$ 18,00"
"08/08/2024","Ifd*animax Fast-food E Sao Paulo     Bra","RESTAURANTES","Compra à vista","R$ 47,79"
"07/08/2024","Hirota Grand Club Tatu Sao Paulo     Bra","SUPERMERCADO","Compra à vista","R$ 4,35"
"07/08/2024","Mercado Sempre Mais Lt Sao Paulo     Bra","SUPERMERCADO","Compra à vista","R$ 173,99"
"06/08/2024","Ifd*animax Fast-food E Sao Paulo     Bra","RESTAURANTES","Compra à vista","R$ 48,79"
"05/08/2024","Uber   *uber   *trip   Sao Paulo     Bra","TRANSPORTE","Compra à vista","R$ 13,98"
"05/08/2024","Uber   *uber   *trip   Sao Paulo     Bra","TRANSPORTE","Compra à vista","R$ 11,18"
"05/08/2024","Hirota Grand Club Tatu Sao Paulo     Bra","SUPERMERCADO","Compra à vista","R$ 3,05"
"05/08/2024","Pague Menos            Sao Paulo     Bra","DROGARIA","Compra à vista","R$ 210,66"
"05/08/2024","Acj Chocolateria Ltda  Sao Paulo     Bra","SUPERMERCADO","Compra à vista","R$ 25,50"
"05/08/2024","Hirota Grand Club Tatu Sao Paulo     Bra","SUPERMERCADO","Compra à vista","R$ 34,88"
"05/08/2024","Pagamento De Fatura","OUTROS","Compra à vista","-R$ 2.208,31"
"04/08/2024","Ifd*dgb Restaurante Lt Sao Paulo     Bra","RESTAURANTES","Compra à vista","R$ 39,90"
"03/08/2024","Ifd*animax Fast-food E Sao Paulo     Bra","RESTAURANTES","Compra à vista","R$ 63,79"
"03/08/2024","Ifd*pitaya Delivery E  Sao Paulo     Bra","SUPERMERCADO","Compra à vista","R$ 80,70"
"02/08/2024","Amazonprimebr          Sao Paulo     Bra","OUTROS","Compra à vista","R$ 19,90"
"02/08/2024","Caristo Farma Drogaria Sao Paulo     Bra","DROGARIA","Compra à vista","R$ 18,99"
"02/08/2024","Google Wm Max Llc      Sao Paulo     Bra","OUTROS","Compra à vista","R$ 34,90"
"02/08/2024","Mercado Sempre Mais Lt Sao Paulo     Bra","SUPERMERCADO","Compra à vista","R$ 51,50"
"02/08/2024","Cafe E Salg Quero Mais Sao Paulo     Bra","RESTAURANTES","Compra à vista","R$ 11,00"
"02/08/2024","Mercado Sempre Mais Lt Sao Paulo     Bra","SUPERMERCADO","Compra à vista","R$ 61,78"
"01/08/2024","Uber   *uber   *trip   Sao Paulo     Bra","TRANSPORTE","Compra à vista","R$ 81,17"
"01/08/2024","Gol Linhas Aereas S.a. Rio           Bra","VIAGEM","Compra à vista","R$ 145,00"
"01/08/2024","Cafe E Salg Quero Mais Sao Paulo     Bra","RESTAURANTES","Compra à vista","R$ 12,00"
"01/08/2024","Atmosfera              Salvador      Bra","RESTAURANTES","Compra à vista","R$ 10,00"
"01/08/2024","Mercado Sempre Mais Lt Sao Paulo     Bra","SUPERMERCADO","Compra à vista","R$ 46,01"
"29/07/2024","Uber   *uber   *trip   Sao Paulo     Bra","TRANSPORTE","Compra à vista","R$ 29,92"
"29/07/2024","Pag*raiadrogasilsa     Lauro De Frei Bra","DROGARIA","Compra à vista","R$ 137,84"
"29/07/2024","Sms Estacionamentos E  Salvador      Bra","TRANSPORTE","Compra à vista","R$ 12,00"
"27/07/2024","Kfc                    Salvador      Bra","RESTAURANTES","Compra à vista","R$ 34,80"
"27/07/2024","Uber   *uber   *trip   Sao Paulo     Bra","TRANSPORTE","Compra à vista","R$ 48,93"
"27/07/2024","Alphafarma Drogaria    Camacari      Bra","DROGARIA","Compra à vista","R$ 45,90"
"27/07/2024","Novo Mix Atacado De Al Camacari      Bra","COMPRAS","Compra à vista","R$ 31,98"
"23/07/2024","Novo Mix Atacado De Al Camacari      Bra","COMPRAS","Compra à vista","R$ 25,98"
"21/07/2024","Pba Parque Shopping Ba Lauro De Frei Bra","RESTAURANTES","Compra à vista","R$ 111,60"
"19/07/2024","Pag*raiadrogasilsa     Lauro De Frei Bra","DROGARIA","Compra à vista","R$ 16,99"
"18/07/2024","Uber   *uber   *trip   Sao Paulo     Bra","TRANSPORTE","Compra à vista","R$ 54,96"
"18/07/2024","Brutus Burger          Salvador      Bra","RESTAURANTES","Compra à vista","R$ 59,00"
"17/07/2024","Uber Uber *trip Help.u Sao Paulo     Bra","TRANSPORTE","Compra à vista","R$ 19,96"
"17/07/2024","Uber   *uber   *trip   Sao Paulo     Bra","TRANSPORTE","Compra à vista","R$ 24,93"
"14/07/2024","Pag*meusertaoloja      Lencois       Bra","OUTROS","Compra à vista","R$ 59,00"
"14/07/2024","Pag*meusertaoloja      Lencois       Bra","OUTROS","Compra à vista","R$ 55,00"
"10/07/2024","Uber   *uber   *trip   Sao Paulo     Bra","TRANSPORTE","Compra à vista","R$ 49,98"
"10/07/2024","Ponto De Encontro Sal  Sao Paulo     Bra","RESTAURANTES","Compra à vista","R$ 19,90"
"10/07/2024","La Fortuna Cafe        Sao Paulo     Bra","RESTAURANTES","Compra à vista","R$ 30,00"
"09/07/2024","Ifd*rdp Restaurantes L Sao Paulo     Bra","SUPERMERCADO","Compra à vista","R$ 34,90"
"08/07/2024","Caristo Farma Drogaria Sao Paulo     Bra","DROGARIA","Compra à vista","R$ 19,99"
"08/07/2024","Morango E Acai         Sao Paulo     Bra","RESTAURANTES","Compra à vista","R$ 28,00"
"08/07/2024","Arc Food Tatuape       Sao Paulo     Bra","RESTAURANTES","Compra à vista","R$ 115,20"
"08/07/2024","Mercado Sempre Mais Lt Sao Paulo     Bra","SUPERMERCADO","Compra à vista","R$ 9,87"
"07/07/2024","Ifd*dtm Chicken Restau Sao Paulo     Bra","RESTAURANTES","Compra à vista","R$ 54,90"
"07/07/2024","A G Sorvetes           Guaruja       Bra","SUPERMERCADO","Compra à vista","R$ 21,27"
"07/07/2024","Hirota Grand Club Tatu Sao Paulo     Bra","SUPERMERCADO","Compra à vista","R$ 8,75"
"06/07/2024","Oca Do Acai            Guaruja       Bra","SUPERMERCADO","Compra à vista","R$ 15,00"
"06/07/2024","Pag*restaurantee       Guaruja       Bra","SUPERMERCADO","Compra à vista","R$ 42,90"
"05/07/2024","Donmarcosrest          Guaruja       Bra","OUTROS","Compra à vista","R$ 35,18"
"05/07/2024","Pag*restaurantee       Guaruja       Bra","SUPERMERCADO","Compra à vista","R$ 42,00"
"05/07/2024","Ponto De Encontro Sal  Sao Paulo     Bra","RESTAURANTES","Compra à vista","R$ 33,00"
"04/07/2024","Cinemark Boulevard Tat Sao Paulo     Bra","CULTURA","Compra à vista","R$ 41,00"
"04/07/2024","Mercado Sempre Mais Lt Sao Paulo     Bra","SUPERMERCADO","Compra à vista","R$ 20,24"
"03/07/2024","Ifd*gomes Sanchez Hamb Sao Paulo     Bra","RESTAURANTES","Compra à vista","R$ 80,30"
"03/07/2024","Amazonprimebr          Sao Paulo     Bra","OUTROS","Compra à vista","R$ 19,90"
"03/07/2024","Hirota Grand Club Tatu Sao Paulo     Bra","SUPERMERCADO","Compra à vista","R$ 14,98"
"03/07/2024","Pagamento De Fatura","OUTROS","Compra à vista","-R$ 3.282,35"
"02/07/2024","Google Wm Max Llc      Sao Paulo     Bra","OUTROS","Compra à vista","R$ 34,90"
"02/07/2024","Mercado Sempre Mais Lt Sao Paulo     Bra","SUPERMERCADO","Compra à vista","R$ 46,87"
"02/07/2024","Pag*antoniocarlosjose  Sao Paulo     Bra","SUPERMERCADO","Compra à vista","R$ 18,00"
"02/07/2024","Hirota Grand Club Tatu Sao Paulo     Bra","SUPERMERCADO","Compra à vista","R$ 8,75"
"01/07/2024","Ifd*rdp Restaurantes L Sao Paulo     Bra","SUPERMERCADO","Compra à vista","R$ 104,80"
"01/07/2024","Ifd*manu Bella Pizzas  Sao Paulo     Bra","RESTAURANTES","Compra à vista","R$ 106,80"
"01/07/2024","Ingresso.com           Rio De Janeir Bra","CULTURA","Compra à vista","R$ 44,80"
"01/07/2024","Mercado Sempre Mais Lt Sao Paulo     Bra","SUPERMERCADO","Compra à vista","R$ 115,40"
"01/07/2024","Cafe E Salg Quero Mais Sao Paulo     Bra","RESTAURANTES","Compra à vista","R$ 19,40"
"30/06/2024","Nagairo Pamplona       Sao Paulo     Bra","RESTAURANTES","Compra à vista","R$ 136,42"
"30/06/2024","Hirota Grand Club Tatu Sao Paulo     Bra","SUPERMERCADO","Compra à vista","R$ 31,33"
"29/06/2024","Hirota Grand Club Tatu Sao Paulo     Bra","SUPERMERCADO","Compra à vista","R$ 8,75"
"28/06/2024","Amazon Br              Sao Paulo     Bra","VESTUARIO","Compra à vista","R$ 39,00"
"28/06/2024","Pag*barelanches        Sao Paulo     Bra","RESTAURANTES","Compra à vista","R$ 34,00"
"27/06/2024","Ifd*el Caquito Comida  Sao Paulo     Bra","RESTAURANTES","Compra à vista","R$ 65,80"
"27/06/2024","Hirota Grand Club Tatu Sao Paulo     Bra","SUPERMERCADO","Compra à vista","R$ 8,75"
"26/06/2024","Uber   *uber   *trip   Sao Paulo     Bra","TRANSPORTE","Compra à vista","R$ 13,96"
"26/06/2024","Uber   *uber   *trip   Sao Paulo     Bra","TRANSPORTE","Compra à vista","R$ 14,91"
"26/06/2024","Ifd*rdp Restaurantes L Sao Paulo     Bra","SUPERMERCADO","Compra à vista","R$ 44,90"
"26/06/2024","Pag*rhn                Sao Paulo     Bra","CULTURA","Compra à vista","R$ 8,00"
"26/06/2024","Hirota Grand Club Tatu Sao Paulo     Bra","SUPERMERCADO","Compra à vista","R$ 8,75"
"25/06/2024","Pag*josealvesnunes     Sao Paulo     Bra","RESTAURANTES","Compra à vista","R$ 14,70"
"25/06/2024","Mercado Sempre Mais Lt Sao Paulo     Bra","SUPERMERCADO","Compra à vista","R$ 87,83"
"25/06/2024","Hirota Grand Club Tatu Sao Paulo     Bra","SUPERMERCADO","Compra à vista","R$ 14,19"
"24/06/2024","Hirota Grand Club Tatu Sao Paulo     Bra","SUPERMERCADO","Compra à vista","R$ 30,45"
"24/06/2024","Pag*rhn                Sao Paulo     Bra","CULTURA","Compra à vista","R$ 16,00"
"23/06/2024","Hirota Grand Club Tatu Sao Paulo     Bra","SUPERMERCADO","Compra à vista","R$ 10,05"
"23/06/2024","Hirota Grand Club Tatu Sao Paulo     Bra","SUPERMERCADO","Compra à vista","R$ 26,15"
"23/06/2024","Hirota Grand Club Tatu Sao Paulo     Bra","SUPERMERCADO","Compra à vista","R$ 5,45"
"23/06/2024","Hirota Grand Club Tatu Sao Paulo     Bra","SUPERMERCADO","Compra à vista","R$ 16,35"
"23/06/2024","Ifd*dtm Chicken Restau Sao Paulo     Bra","RESTAURANTES","Compra à vista","R$ 101,80"
"22/06/2024","Amazon Marketplace     Sao Paulo     Bra","VESTUARIO","Compra à vista","R$ 44,82"
"22/06/2024","Ifd*restaurante Arequi Sao Paulo     Bra","RESTAURANTES","Compra à vista","R$ 28,90"
"21/06/2024","Claudiolv              Sao Paulo     Bra","OUTROS","Compra à vista","R$ 14,00"
"21/06/2024","Drive Barbearia Tatuap Sao Paulo     Bra","OUTROS","Compra à vista","R$ 50,00"
"21/06/2024","Hirota Grand Club Tatu Sao Paulo     Bra","SUPERMERCADO","Compra à vista","R$ 15,33"
"21/06/2024","Cafe E Salg Quero Mais Sao Paulo     Bra","RESTAURANTES","Compra à vista","R$ 19,40"
"19/06/2024","Pag*ricardogomesde     Sao Paulo     Bra","RESTAURANTES","Compra à vista","R$ 8,00"
"19/06/2024","Hirota Grand Club Tatu Sao Paulo     Bra","SUPERMERCADO","Compra à vista","R$ 8,75"
"18/06/2024","Gransommer2 Comercio D Sao Paulo     Bra","RESTAURANTES","Compra à vista","R$ 52,00"
"17/06/2024","Hirota Grand Club Tatu Sao Paulo     Bra","SUPERMERCADO","Compra à vista","R$ 28,23"
"17/06/2024","Acougue                Sao Paulo     Bra","SUPERMERCADO","Compra à vista","R$ 123,95"
"17/06/2024","Mercado Sempre Mais Lt Sao Paulo     Bra","SUPERMERCADO","Compra à vista","R$ 108,46"
"16/06/2024","Ingresso.com           Rio De Janeir Bra","CULTURA","Compra à vista","R$ 64,00"
"16/06/2024","Si Senor Consolacao    Sao Paulo     Bra","RESTAURANTES","Compra à vista","R$ 145,91"
"16/06/2024","Uber   *uber   *trip   Sao Paulo     Bra","TRANSPORTE","Compra à vista","R$ 40,55"
"16/06/2024","Cinemark Cidade De Sp  Sao Paulo     Bra","CULTURA","Compra à vista","R$ 46,00"
"15/06/2024","Ifd*sushi Mooca Hb Ltd Sao Paulo     Bra","RESTAURANTES","Compra à vista","R$ 62,90"
"15/06/2024","Hirota Grand Club Tatu Sao Paulo     Bra","SUPERMERCADO","Compra à vista","R$ 6,98"
"15/06/2024","Pag*nelsondasilva      Sao Paulo     Bra","SUPERMERCADO","Compra à vista","R$ 28,00"
"15/06/2024","Login House Exp        Sao Paulo     Bra","RESTAURANTES","Compra à vista","R$ 81,66"
"14/06/2024","Uber   *uber   *trip   Sao Paulo     Bra","TRANSPORTE","Compra à vista","R$ 39,98"
"14/06/2024","Morango E Acai         Sao Paulo     Bra","RESTAURANTES","Compra à vista","R$ 31,00"
"12/06/2024","Mercado Sempre Mais Lt Sao Paulo     Bra","SUPERMERCADO","Compra à vista","R$ 16,62"
"12/06/2024","Hirota Grand Club Tatu Sao Paulo     Bra","SUPERMERCADO","Compra à vista","R$ 6,98"
"12/06/2024","Ifd*restaurante Arequi Sao Paulo     Bra","RESTAURANTES","Compra à vista","R$ 35,89"
"11/06/2024","Shopping Metro Expansa Sao Paulo     Bra","RESTAURANTES","Compra à vista","R$ 42,40"
"11/06/2024","Hirota Grand Club Tatu Sao Paulo     Bra","SUPERMERCADO","Compra à vista","R$ 10,89"
"11/06/2024","Hirota Grand Club Tatu Sao Paulo     Bra","SUPERMERCADO","Compra à vista","R$ 9,15"
"10/06/2024","Pag*ricardogomesde     Sao Paulo     Bra","RESTAURANTES","Compra à vista","R$ 14,00"
"10/06/2024","Rhn                    Sao Paulo     Bra","RESTAURANTES","Compra à vista","R$ 8,00"
"09/06/2024","Ifd*dtm Chicken Restau Sao Paulo     Bra","RESTAURANTES","Compra à vista","R$ 54,90"
"08/06/2024","Dia Brasil Lj 94       Sao Paulo     Bra","SUPERMERCADO","Compra à vista","R$ 51,12"
"07/06/2024","Uber   *uber   *trip   Sao Paulo     Bra","TRANSPORTE","Compra à vista","R$ 14,33"
"07/06/2024","Hirota Grand Club Tatu Sao Paulo     Bra","SUPERMERCADO","Compra à vista","R$ 6,98"
"07/06/2024","Hirota Grand Club Tatu Sao Paulo     Bra","SUPERMERCADO","Compra à vista","R$ 5,35"
"07/06/2024","Extrafarma Shopping Me Sao Paulo     Bra","DROGARIA","Compra à vista","R$ 39,18"
"07/06/2024","Uber   *uber   *trip   Sao Paulo     Bra","TRANSPORTE","Compra à vista","R$ 14,93"
"06/06/2024","Ifd*el Caquito Comida  Sao Paulo     Bra","RESTAURANTES","Compra à vista","R$ 29,90"
"05/06/2024","Pag*rhn                Sao Paulo     Bra","CULTURA","Compra à vista","R$ 14,00"
"05/06/2024","Extrafarma Shopping Me Sao Paulo     Bra","DROGARIA","Compra à vista","R$ 6,99"
"05/06/2024","Pagamento De Fatura","OUTROS","Compra à vista","-R$ 3.570,33"
"04/06/2024","Uber   *uber   *trip   Sao Paulo     Bra","TRANSPORTE","Compra à vista","R$ 15,49"
"04/06/2024","Uber   *uber   *trip   Sao Paulo     Bra","TRANSPORTE","Compra à vista","R$ 14,97"
"04/06/2024","Extrafarma Shopping Me Sao Paulo     Bra","DROGARIA","Compra à vista","R$ 113,74"
"04/06/2024","Hirota Grand Club Tatu Sao Paulo     Bra","SUPERMERCADO","Compra à vista","R$ 6,98"
"03/06/2024","Pag*antoniocarlosjose  Sao Paulo     Bra","SUPERMERCADO","Compra à vista","R$ 18,00"
"03/06/2024","Hirota Grand Club Tatu Sao Paulo     Bra","SUPERMERCADO","Compra à vista","R$ 44,02"
"03/06/2024","Acougue                Sao Paulo     Bra","SUPERMERCADO","Compra à vista","R$ 54,31"
"03/06/2024","Mercado Sempre Mais Lt Sao Paulo     Bra","SUPERMERCADO","Compra à vista","R$ 136,10"
"02/06/2024","Google Wm Max Llc      Sao Paulo     Bra","OUTROS","Compra à vista","R$ 34,90"
"02/06/2024","Dinha                  Casa Branca   Bra","SUPERMERCADO","Compra à vista","R$ 14,00"
"02/06/2024","Dinha                  Casa Branca   Bra","SUPERMERCADO","Compra à vista","R$ 27,00"
"02/06/2024","Fun Marketing E Evento Campinas      Bra","CULTURA","Compra à vista","R$ 6,50"
"02/06/2024","Amazonprimebr          Sao Paulo     Bra","OUTROS","Compra à vista","R$ 19,90"
"01/06/2024","Jhessilei              Casa Branca   Bra","OUTROS","Compra à vista","R$ 17,00"
"01/06/2024","Andreia Aparecida Fide Casa Branca   Bra","SUPERMERCADO","Compra à vista","R$ 16,00"
"31/05/2024","Jhessilei              Casa Branca   Bra","OUTROS","Compra à vista","R$ 6,00"
"31/05/2024","Andreia Aparecida Fide Casa Branca   Bra","SUPERMERCADO","Compra à vista","R$ 14,00"
"31/05/2024","Pag*controledebar      Jaguariuna    Bra","OUTROS","Compra à vista","R$ 14,00"
"31/05/2024","Jhessilei              Casa Branca   Bra","OUTROS","Compra à vista","R$ 8,00"
"31/05/2024","Andreia Aparecida Fide Casa Branca   Bra","SUPERMERCADO","Compra à vista","R$ 2,00"
"30/05/2024","Pag*ivoneignacioda     Casa Branca   Bra","RESTAURANTES","Compra à vista","R$ 39,00"
"30/05/2024","Rodosnack              Jundiai       076","RESTAURANTES","Compra à vista","R$ 19,90"
"30/05/2024","Farma Rodoviaria       Casa Branca   Bra","DROGARIA","Compra à vista","R$ 21,90"
"30/05/2024","Pag*acaidapaty         Franco Da Roc Bra","SUPERMERCADO","Compra à vista","R$ 10,00"
"30/05/2024","Jhessilei              Casa Branca   Bra","OUTROS","Compra à vista","R$ 23,00"
"30/05/2024","Farma Rodoviaria       Casa Branca   Bra","DROGARIA","Compra à vista","R$ 30,18"
"30/05/2024","Pag*andreiaaparecida   Casa Branca   Bra","SUPERMERCADO","Compra à vista","R$ 24,00"
"29/05/2024","Morango E Acai         Sao Paulo     Bra","RESTAURANTES","Compra à vista","R$ 28,00"
"28/05/2024","Drive Barbearia Tatuap Sao Paulo     Bra","OUTROS","Compra à vista","R$ 50,00"
"28/05/2024","Hirota Grand Club Tatu Sao Paulo     Bra","SUPERMERCADO","Compra à vista","R$ 6,98"
"28/05/2024","Juros De Mora","OUTROS","Compra à vista","R$ 1,40"
"28/05/2024","Iof Adicional Db Pf","OUTROS","Compra à vista","R$ 8,13"
"28/05/2024","Iof Adicional Db Pf","OUTROS","Compra à vista","R$ 0,32"
"28/05/2024","Iof Diario Db Pf","OUTROS","Compra à vista","R$ 0,01"
"28/05/2024","Iof Adicional Db Pf","OUTROS","Compra à vista","R$ 3,56"
"28/05/2024","Iof Diario Db Pf","OUTROS","Compra à vista","R$ 0,15"
"28/05/2024","Iof Diario Db Pf","OUTROS","Compra à vista","R$ 0,35"
"28/05/2024","Juros De Mora","OUTROS","Compra à vista","R$ 0,06"
"28/05/2024","Juros De Mora","OUTROS","Compra à vista","R$ 0,61"
"28/05/2024","Encargos Rotativo","OUTROS","Compra à vista","R$ 0,70"
"28/05/2024","Encargos Rotativo","OUTROS","Compra à vista","R$ 9,02"
"28/05/2024","Encargos Rotativo","OUTROS","Compra à vista","R$ 20,61"
"28/05/2024","Multa Por Atraso","OUTROS","Compra à vista","R$ 63,19"
"27/05/2024","Marcio                 So Paulo      Bra","OUTROS","Compra à vista","R$ 26,00"
"26/05/2024","Extrafarma Shopping Me Sao Paulo     Bra","DROGARIA","Compra à vista","R$ 66,88"
"26/05/2024","Dia Brasil Lj 94       Sao Paulo     Bra","SUPERMERCADO","Compra à vista","R$ 115,17"
"25/05/2024","Hirota Grand Club Tatu Sao Paulo     Bra","SUPERMERCADO","Compra à vista","R$ 6,98"
"25/05/2024","Ifd*el Caquito Comida  Sao Paulo     Bra","RESTAURANTES","Compra à vista","R$ 27,90"
"25/05/2024","Ifd*buteco Do Lucas Lt Sao Paulo     Bra","RESTAURANTES","Compra à vista","R$ 37,80"
"24/05/2024","Hirota Grand Club Tatu Sao Paulo     Bra","SUPERMERCADO","Compra à vista","R$ 25,04"
"23/05/2024","Hirota Grand Club Tatu Sao Paulo     Bra","SUPERMERCADO","Compra à vista","R$ 14,98"
"22/05/2024","Mercado Sempre Mais Lt Sao Paulo     Bra","SUPERMERCADO","Compra à vista","R$ 54,97"
"21/05/2024","Mercado Sempre Mais Lt Sao Paulo     Bra","SUPERMERCADO","Compra à vista","R$ 31,58"
"20/05/2024","Pag*rhn                Sao Paulo     Bra","RESTAURANTES","Compra à vista","R$ 8,00"
"20/05/2024","Pag*workmeatacougue    Sao Paulo     Bra","SUPERMERCADO","Compra à vista","R$ 112,33"
"20/05/2024","Dia Brasil Lj 94       Sao Paulo     Bra","SUPERMERCADO","Compra à vista","R$ 69,79"
"19/05/2024","Ifd*nine Nine Company  Sao Paulo     Bra","SUPERMERCADO","Compra à vista","R$ 49,90"
"19/05/2024","Ifd*dtm Chicken Restau Sao Paulo     Bra","RESTAURANTES","Compra à vista","R$ 42,90"
"18/05/2024","Ifd*eaiburguer Tatuape Sao Paulo     Bra","RESTAURANTES","Compra à vista","R$ 53,80"
"18/05/2024","Hirota Grand Club Tatu Sao Paulo     Bra","SUPERMERCADO","Compra à vista","R$ 8,55"
"16/05/2024","Vera Lucia Nazario De  Sao Paulo     Bra","OUTROS","Compra à vista","R$ 8,00"
"16/05/2024","Mercado Sempre Mais    Sao Paulo     Bra","SUPERMERCADO","Compra à vista","R$ 62,14"
"15/05/2024","Ifd*mario Cesar Santos Sao Paulo     Bra","OUTROS","Compra à vista","R$ 29,90"
"15/05/2024","Pag*rhn                Sao Paulo     Bra","RESTAURANTES","Compra à vista","R$ 8,00"
"15/05/2024","Hirota Grand Club Tatu Sao Paulo     Bra","SUPERMERCADO","Compra à vista","R$ 3,75"
"15/05/2024","Caristo Farma Drogaria Sao Paulo     Bra","DROGARIA","Compra à vista","R$ 118,55"
"14/05/2024","Hirota Grand Club Tatu Sao Paulo     Bra","SUPERMERCADO","Compra à vista","R$ 3,65"
"14/05/2024","Mercado Sempre Mais    Sao Paulo     Bra","SUPERMERCADO","Compra à vista","R$ 47,18"
"13/05/2024","Hirota Grand Club Tatu Sao Paulo     Bra","SUPERMERCADO","Compra à vista","R$ 25,69"
"12/05/2024","Pag*zig                Sao Paulo     Bra","COMPRAS","Compra à vista","R$ 126,44"
"12/05/2024","Drogasil1080           So Paulo      Bra","DROGARIA","Compra à vista","R$ 8,89"
"12/05/2024","Gato Pingado           Sao Paulo     Bra","RESTAURANTES","Compra à vista","R$ 29,60"
"11/05/2024","Dougteam Com De Bebida Sao Paulo     Bra","COMPRAS","Compra à vista","R$ 15,00"
"11/05/2024","Uber   *uber   *trip   Sao Paulo     Bra","TRANSPORTE","Compra à vista","R$ 15,37"
"11/05/2024","Ifd*restaurante Arequi Sao Paulo     Bra","RESTAURANTES","Compra à vista","R$ 35,89"
"11/05/2024","Pag*zig                Sao Paulo     Bra","COMPRAS","Compra à vista","R$ 10,00"
"11/05/2024","Pag*zig                Sao Paulo     Bra","COMPRAS","Compra à vista","R$ 10,00"
"11/05/2024","Braz Leme Point        Sao Paulo     Bra","RESTAURANTES","Compra à vista","R$ 62,09"
"10/05/2024","Caristo Farma Drogaria Sao Paulo     Bra","DROGARIA","Compra à vista","R$ 14,99"
"10/05/2024","Mercado Sempre Mais    Sao Paulo     Bra","SUPERMERCADO","Compra à vista","R$ 28,72"
"10/05/2024","Morango E Acai         Sao Paulo     Bra","RESTAURANTES","Compra à vista","R$ 29,00"
"09/05/2024","Marcio                 So Paulo      Bra","OUTROS","Compra à vista","R$ 14,00"
"09/05/2024","Uber   *uber   *trip   Sao Paulo     Bra","TRANSPORTE","Compra à vista","R$ 19,97"
"09/05/2024","Uber   *uber   *trip   Sao Paulo     Bra","TRANSPORTE","Compra à vista","R$ 14,98"
"09/05/2024","Editora Vozes          Sao Paulo     Bra","OUTROS","Compra à vista","R$ 42,50"
"09/05/2024","Extrafarma Shopping Me Sao Paulo     Bra","DROGARIA","Compra à vista","R$ 40,40"
"09/05/2024","Pag*rhn                Sao Paulo     Bra","RESTAURANTES","Compra à vista","R$ 31,00"
"08/05/2024","Drive Barbearia Tatuap Sao Paulo     Bra","OUTROS","Compra à vista","R$ 50,00"
"08/05/2024","Pag*luiztadeudejesus   Sao Paulo     Bra","ENSINO","Compra à vista","R$ 39,50"
"08/05/2024","Editora De Livros      Sao Paulo     Bra","OUTROS","Compra à vista","R$ 66,00"
"08/05/2024","Hirota Grand Club Tatu Sao Paulo     Bra","SUPERMERCADO","Compra à vista","R$ 44,67"
"07/05/2024","Uber   *uber   *trip   Sao Paulo     Bra","TRANSPORTE","Compra à vista","R$ 9,91"
"07/05/2024","Filial Plk Shopping Bo Sao Paulo     Bra","RESTAURANTES","Compra à vista","R$ 42,00"
"07/05/2024","Pagamento De Fatura","OUTROS","Compra à vista","-R$ 3.159,27"
"05/05/2024","Hirota Grand Club Tatu Sao Paulo     Bra","SUPERMERCADO","Compra à vista","R$ 27,53"
"04/05/2024","Dbh Hamburgueria Ltda  Sao Paulo     Bra","RESTAURANTES","Compra à vista","R$ 55,99"
"03/05/2024","Elettrica Comercio De  Sao Paulo     Bra","RESTAURANTES","Compra à vista","R$ 36,00"
"03/05/2024","Pag*zig                Sao Paulo     Bra","COMPRAS","Compra à vista","R$ 115,00"
"02/05/2024","Amazonprimebr          Sao Paulo     Bra","OUTROS","Compra à vista","R$ 19,90"
"02/05/2024","Google Wm Max Llc      Sao Paulo     Bra","OUTROS","Compra à vista","R$ 34,90"
"02/05/2024","Hirota Grand Club Tatu Sao Paulo     Bra","SUPERMERCADO","Compra à vista","R$ 29,95"
"01/05/2024","Extrafarma Rua Tuiuti  Sao Paulo     Bra","DROGARIA","Compra à vista","R$ 45,54"
"01/05/2024","Hirota Grand Club Tatu Sao Paulo     Bra","SUPERMERCADO","Compra à vista","R$ 9,85"
"01/05/2024","Uber   *uber   *trip   Sao Paulo     Bra","TRANSPORTE","Compra à vista","R$ 29,89"
"30/04/2024","Extrafarma Shopping Me Sao Paulo     Bra","DROGARIA","Compra à vista","R$ 18,99"
"29/04/2024","Pag*rhn                Sao Paulo     Bra","RESTAURANTES","Compra à vista","R$ 8,00"
"29/04/2024","Hirota Grand Club Tatu Sao Paulo     Bra","SUPERMERCADO","Compra à vista","R$ 5,69"
"28/04/2024","Morango E Acai         Sao Paulo     Bra","RESTAURANTES","Compra à vista","R$ 29,50"
"27/04/2024","Hirota Grand Club Tatu Sao Paulo     Bra","SUPERMERCADO","Compra à vista","R$ 19,98"
"26/04/2024","Marcio                 So Paulo      Bra","OUTROS","Compra à vista","R$ 26,00"
"26/04/2024","Marcio                 So Paulo      Bra","OUTROS","Compra à vista","R$ 15,00"
"25/04/2024","Hirota Grand Club Tatu Sao Paulo     Bra","SUPERMERCADO","Compra à vista","R$ 3,19"
"24/04/2024","Ifd*el Caquito Comida  Sao Paulo     Bra","RESTAURANTES","Compra à vista","R$ 29,90"
"24/04/2024","Ricardo Gomes De Mace  Sao Paulo     Bra","RESTAURANTES","Compra à vista","R$ 14,00"
"23/04/2024","Marcio                 So Paulo      Bra","OUTROS","Compra à vista","R$ 6,00"
"23/04/2024","Uber   *uber   *trip   Sao Paulo     Bra","TRANSPORTE","Compra à vista","R$ 9,93"
"23/04/2024","Mercado Sempre Mais Lt Sao Paulo     Bra","SUPERMERCADO","Compra à vista","R$ 120,88"
"22/04/2024","Ifd*rdp Restaurantes L Sao Paulo     Bra","SUPERMERCADO","Compra à vista","R$ 38,90"
"22/04/2024","Ricardo Gomes De Mace  Sao Paulo     Bra","RESTAURANTES","Compra à vista","R$ 8,00"
"21/04/2024","Caixote Bar            Sao Paulo     Bra","BARES","Compra à vista","R$ 30,00"
"21/04/2024","Uber Uber *trip Help.u Sao Paulo     Bra","TRANSPORTE","Compra à vista","R$ 29,94"
"21/04/2024","Ibirapuera             Sao Paulo     Bra","OUTROS","Compra à vista","R$ 12,00"
"21/04/2024","Pag*bunkyo             Sao Paulo     Bra","OUTROS","Compra à vista","R$ 7,00"
"21/04/2024","Pag*magnoliasantos     Sao Paulo     Bra","SUPERMERCADO","Compra à vista","R$ 4,00"
"21/04/2024","Hirota Grand Club Tatu Sao Paulo     Bra","SUPERMERCADO","Compra à vista","R$ 19,98"
"21/04/2024","Nanaya Pav Japones     Sao Paulo     Bra","RESTAURANTES","Compra à vista","R$ 45,00"
"20/04/2024","Ifd*rdp Restaurantes L Sao Paulo     Bra","SUPERMERCADO","Compra à vista","R$ 39,90"
"20/04/2024","Pag*antoniocarlosjose  Sao Paulo     Bra","SUPERMERCADO","Compra à vista","R$ 18,00"
"19/04/2024","Mercado Sempre Mais    Sao Paulo     Bra","SUPERMERCADO","Compra à vista","R$ 40,15"
"19/04/2024","Caristofarmatatuape    Sao Paulo     Bra","DROGARIA","Compra à vista","R$ 33,99"
"18/04/2024","Hirota Grand Club Tatu Sao Paulo     Bra","SUPERMERCADO","Compra à vista","R$ 29,96"
"17/04/2024","Hirota Grand Club Tatu Sao Paulo     Bra","SUPERMERCADO","Compra à vista","R$ 3,65"
"15/04/2024","Pag*rhn                Sao Paulo     Bra","RESTAURANTES","Compra à vista","R$ 8,00"
"15/04/2024","Mercado Sempre Mais    Sao Paulo     Bra","SUPERMERCADO","Compra à vista","R$ 57,32"
"14/04/2024","Ibirapuera             Sao Paulo     Bra","OUTROS","Compra à vista","R$ 5,00"
"14/04/2024","Olga Ri Vila Olimpia   Sao Paulo     Bra","RESTAURANTES","Compra à vista","R$ 79,67"
"13/04/2024","Ifd*animax Fast-food E Sao Paulo     Bra","RESTAURANTES","Compra à vista","R$ 62,79"
"13/04/2024","Ifd*restaurante Arequi Sao Paulo     Bra","RESTAURANTES","Compra à vista","R$ 35,89"
"12/04/2024","Uber   *uber   *trip   Sao Paulo     Bra","TRANSPORTE","Compra à vista","R$ 9,99"
"12/04/2024","Mercado Sempre Mais    Sao Paulo     Bra","SUPERMERCADO","Compra à vista","R$ 97,37"
"12/04/2024","Extrafarma Shopping Me Sao Paulo     Bra","DROGARIA","Compra à vista","R$ 24,29"
"12/04/2024","Hirota Grand Club Tatu Sao Paulo     Bra","SUPERMERCADO","Compra à vista","R$ 9,09"
"11/04/2024","Shpp Brasil Servicos D Sao Paulo     Bra","OUTROS","Compra à vista","R$ 38,41"
"10/04/2024","Uber   *uber   *trip   Sao Paulo     Bra","TRANSPORTE","Compra à vista","R$ 23,14"
"10/04/2024","Uber   *uber   *trip   Sao Paulo     Bra","TRANSPORTE","Compra à vista","R$ 24,90"
"10/04/2024","Pag*rhn                Sao Paulo     Bra","RESTAURANTES","Compra à vista","R$ 22,00"
"10/04/2024","Hirota Grand Club Tatu Sao Paulo     Bra","SUPERMERCADO","Compra à vista","R$ 46,04"
"10/04/2024","Morango E Acai         Sao Paulo     Bra","RESTAURANTES","Compra à vista","R$ 27,00"
"09/04/2024","Davi Araujo Ribeiro Op","SAUDE","Compra à vista","R$ 670,00"
"09/04/2024","Uber   *uber   *trip   Sao Paulo     Bra","TRANSPORTE","Compra à vista","R$ 10,41"
"08/04/2024","Pag*rhn                Sao Paulo     Bra","RESTAURANTES","Compra à vista","R$ 21,00"
"07/04/2024","Pag*leonardorochado    Sao Paulo     Bra","RESTAURANTES","Compra à vista","R$ 40,00"
"07/04/2024","Giovanna Evaristo      Santo Andre   Bra","VESTUARIO","Compra à vista","R$ 61,96"
"07/04/2024","Pg *ton Ana Paula So   Ferraz De Vas Bra","OUTROS","Compra à vista","R$ 55,00"
"06/04/2024","Ifd*lanchonete Hippos  Sao Paulo     Bra","RESTAURANTES","Compra à vista","R$ 98,70"
"06/04/2024","Hirota Grand Club Tatu Sao Paulo     Bra","SUPERMERCADO","Compra à vista","R$ 29,95"
"06/04/2024","Hirota Grand Club Tatu Sao Paulo     Bra","SUPERMERCADO","Compra à vista","R$ 29,95"
"06/04/2024","Hirota Grand Club Tatu Sao Paulo     Bra","SUPERMERCADO","Compra à vista","R$ 33,17"
"05/04/2024","Pagamento De Fatura","OUTROS","Compra à vista","-R$ 2.566,37"
"03/04/2024","Gourmezinho            Sao Paulo     Bra","SUPERMERCADO","Compra à vista","R$ 6,00"
"03/04/2024","Hirota Grand Club Tatu Sao Paulo     Bra","SUPERMERCADO","Compra à vista","R$ 25,69"
"02/04/2024","Amazonprimebr          Sao Paulo     Bra","OUTROS","Compra à vista","R$ 14,90"
"02/04/2024","Google Wm Max Llc      Sao Paulo     Bra","OUTROS","Compra à vista","R$ 34,90"
"02/04/2024","Drive Barbearia Tatuap Sao Paulo     Bra","OUTROS","Compra à vista","R$ 90,00"
"02/04/2024","Mercado Sempre Mais    Sao Paulo     Bra","SUPERMERCADO","Compra à vista","R$ 58,95"
"31/03/2024","Ifd*patricia Lumy Do V Sao Paulo     Bra","RESTAURANTES","Compra à vista","R$ 41,00"
"31/03/2024","Hirota Grand Club Tatu Sao Paulo     Bra","SUPERMERCADO","Compra à vista","R$ 9,85"
"29/03/2024","Ifd*tatu Restaurante S Sao Paulo     Bra","RESTAURANTES","Compra à vista","R$ 57,80"
"29/03/2024","Ifd*explorer Restauran Sao Paulo     Bra","RESTAURANTES","Compra à vista","R$ 62,00"
"29/03/2024","Hirota Grand Club Tatu Sao Paulo     Bra","SUPERMERCADO","Compra à vista","R$ 34,24"
"28/03/2024","Ifd*animax Fast-food E Sao Paulo     Bra","RESTAURANTES","Compra à vista","R$ 67,59"
"28/03/2024","Uber   *uber   *trip   Sao Paulo     Bra","TRANSPORTE","Compra à vista","R$ 19,90"
"28/03/2024","Uber   *uber   *trip   Sao Paulo     Bra","TRANSPORTE","Compra à vista","R$ 14,99"
"28/03/2024","Morango E Acai         Sao Paulo     Bra","RESTAURANTES","Compra à vista","R$ 27,00"
"27/03/2024","Hirota Grand Club Tatu Sao Paulo     Bra","SUPERMERCADO","Compra à vista","R$ 21,39"
"27/03/2024","Mercado Sempre Mais    Sao Paulo     Bra","SUPERMERCADO","Compra à vista","R$ 87,41"
"26/03/2024","Hirota Grand Club Tatu Sao Paulo     Bra","SUPERMERCADO","Compra à vista","R$ 15,94"
"25/03/2024","Ifd*animax Fast-food E Sao Paulo     Bra","RESTAURANTES","Compra à vista","R$ 61,70"
"25/03/2024","Caristofarmatatuape    Sao Paulo     Bra","DROGARIA","Compra à vista","R$ 41,98"
"24/03/2024","Ifd*obara Sushi Ltda   Sao Paulo     Bra","RESTAURANTES","Compra à vista","R$ 62,90"
"24/03/2024","Hirota Grand Club Tatu Sao Paulo     Bra","SUPERMERCADO","Compra à vista","R$ 31,24"
"23/03/2024","Caristofarmatatuape    Sao Paulo     Bra","DROGARIA","Compra à vista","R$ 31,99"
"22/03/2024","Ifd*jilm Hamburgueria  Sao Paulo     Bra","RESTAURANTES","Compra à vista","R$ 59,80"
"22/03/2024","Hirota Grand Club Tatu Sao Paulo     Bra","SUPERMERCADO","Compra à vista","R$ 21,39"
"22/03/2024","Genga Roveran          Sao Paulo     Bra","COMPRAS","Compra à vista","R$ 18,00"
"20/03/2024","Uber   *uber   *trip   Sao Paulo     Bra","TRANSPORTE","Compra à vista","R$ 15,06"
"20/03/2024","Ifd*rdp Restaurantes L Sao Paulo     Bra","SUPERMERCADO","Compra à vista","R$ 38,90"
"20/03/2024","Pag*antoniocarlosjose  Sao Paulo     Bra","SUPERMERCADO","Compra à vista","R$ 18,00"
"19/03/2024","Caristofarmatatuape    Sao Paulo     Bra","DROGARIA","Compra à vista","R$ 56,99"
"19/03/2024","Mercado Sempre Mais    Sao Paulo     Bra","SUPERMERCADO","Compra à vista","R$ 117,70"
"19/03/2024","Hirota Grand Club Tatu Sao Paulo     Bra","SUPERMERCADO","Compra à vista","R$ 21,39"
"18/03/2024","Uber   *uber   *trip   Sao Paulo     Bra","TRANSPORTE","Compra à vista","R$ 9,92"
"18/03/2024","Extrafarma Shopping Me Sao Paulo     Bra","DROGARIA","Compra à vista","R$ 139,87"
"16/03/2024","Ifood  *ifd*grupo Far  Vila Yara Osa Bra","SUPERMERCADO","Compra à vista","R$ 1,71"
"16/03/2024","Uber   *uber   *trip   Sao Paulo     Bra","TRANSPORTE","Compra à vista","R$ 15,42"
"16/03/2024","Uber   *uber   *trip   Sao Paulo     Bra","TRANSPORTE","Compra à vista","R$ 17,95"
"16/03/2024","Ifd*jcf Alimentos Ltda Sao Paulo     Bra","RESTAURANTES","Compra à vista","R$ 53,89"
"16/03/2024","Ifood  *ifd*grupo Far  Vila Yara Osa Bra","SUPERMERCADO","Compra à vista","R$ 136,83"
"15/03/2024","Ifd*restaurante Arequi Sao Paulo     Bra","RESTAURANTES","Compra à vista","R$ 30,90"
"14/03/2024","Uber   *uber   *trip   Sao Paulo     Bra","TRANSPORTE","Compra à vista","R$ 14,92"
"14/03/2024","Uber   *uber   *trip   Sao Paulo     Bra","TRANSPORTE","Compra à vista","R$ 19,96"
"14/03/2024","Extrafarma Shopping Me Sao Paulo     Bra","DROGARIA","Compra à vista","R$ 15,99"
"14/03/2024","Hirota Grand Club Tatu Sao Paulo     Bra","SUPERMERCADO","Compra à vista","R$ 47,06"
"13/03/2024","Ifd*marco Aurelio Feli Sao Paulo     Bra","RESTAURANTES","Compra à vista","R$ 40,50"
"13/03/2024","Extrafarma Shopping Me Sao Paulo     Bra","DROGARIA","Compra à vista","R$ 8,99"
"13/03/2024","Hirota Grand Club Tatu Sao Paulo     Bra","SUPERMERCADO","Compra à vista","R$ 21,39"
"12/03/2024","Hirota Grand Club Tatu Sao Paulo     Bra","SUPERMERCADO","Compra à vista","R$ 30,97"
"11/03/2024","Uber   *uber   *trip   Sao Paulo     Bra","TRANSPORTE","Compra à vista","R$ 10,14"
"11/03/2024","Ifd*jilm Hamburgueria  Sao Paulo     Bra","RESTAURANTES","Compra à vista","R$ 56,80"
"11/03/2024","Ifd*restaurante Arequi Sao Paulo     Bra","RESTAURANTES","Compra à vista","R$ 38,90"
"11/03/2024","Hirota Grand Club Tatu Sao Paulo     Bra","SUPERMERCADO","Compra à vista","R$ 21,39"
"10/03/2024","Uber   *uber   *trip   Sao Paulo     Bra","TRANSPORTE","Compra à vista","R$ 19,99"
"10/03/2024","Uber   *uber   *trip   Sao Paulo     Bra","TRANSPORTE","Compra à vista","R$ 14,94"
"10/03/2024","Uber   *uber   *trip   Sao Paulo     Bra","TRANSPORTE","Compra à vista","R$ 14,93"
"10/03/2024","Extrafarma Shopping Me Sao Paulo     Bra","DROGARIA","Compra à vista","R$ 32,10"
"10/03/2024","Hirota Grand Club Tatu Sao Paulo     Bra","SUPERMERCADO","Compra à vista","R$ 22,49"
"09/03/2024","Uilson Gomes De Brit   Sao Paulo     Bra","RESTAURANTES","Compra à vista","R$ 16,00"
"09/03/2024","Kichi Cafe             Sao Paulo     Bra","RESTAURANTES","Compra à vista","R$ 31,80"
"09/03/2024","Mercado Sempre Mais    Sao Paulo     Bra","SUPERMERCADO","Compra à vista","R$ 39,55"
"09/03/2024","Extrafarma Shopping Me Sao Paulo     Bra","DROGARIA","Compra à vista","R$ 17,85"
"07/03/2024","Mercado Sempre Mais    Sao Paulo     Bra","SUPERMERCADO","Compra à vista","R$ 43,92"
"06/03/2024","Ponto De Encontro Sal  Sao Paulo     Bra","RESTAURANTES","Compra à vista","R$ 14,90"
"05/03/2024","Pagamento De Fatura","OUTROS","Compra à vista","-R$ 3.056,74"
"04/03/2024","Mercado Sempre Mais    Sao Paulo     Bra","SUPERMERCADO","Compra à vista","R$ 65,29"
"03/03/2024","Vq18 Ltda              Sao Paulo     Bra","ENTRETENIMENTO","Compra à vista","R$ 61,02"
"03/03/2024","Cinemark Santa Cruz    Sao Paulo     Bra","CULTURA","Compra à vista","R$ 23,00"
"03/03/2024","Mania De Churrasco Pri Sao Paulo     Bra","RESTAURANTES","Compra à vista","R$ 5,90"
"03/03/2024","Morango E Acai         Sao Paulo     Bra","RESTAURANTES","Compra à vista","R$ 39,00"
"02/03/2024","Amazonprimebr          Sao Paulo     Bra","OUTROS","Compra à vista","R$ 14,90"
"02/03/2024","Google Wm Max Llc      Sao Paulo     Bra","OUTROS","Compra à vista","R$ 34,90"
"02/03/2024","Mercado Sempre Mais    Sao Paulo     Bra","SUPERMERCADO","Compra à vista","R$ 40,63"
"01/03/2024","Pag*irismarpinheirolo  Sao Paulo     Bra","SUPERMERCADO","Compra à vista","R$ 12,00"
"01/03/2024","Hirota Grand Club Tatu Sao Paulo     Bra","SUPERMERCADO","Compra à vista","R$ 10,69"
"01/03/2024","Sub Caicara Comercio   Praia Grande  Bra","RESTAURANTES","Compra à vista","R$ 75,00"
"01/03/2024","Cafe E Salg Quero Mais Sao Paulo     Bra","RESTAURANTES","Compra à vista","R$ 8,50"
"01/03/2024","Hirota Grand Club Tatu Sao Paulo     Bra","SUPERMERCADO","Compra à vista","R$ 14,99"
"29/02/2024","Hirota Grand Club Tatu Sao Paulo     Bra","SUPERMERCADO","Compra à vista","R$ 45,99"
"28/02/2024","Iof Adicional Db Pf","OUTROS","Compra à vista","R$ 1,86"
"28/02/2024","Iof Diario Db Pf","OUTROS","Compra à vista","R$ 0,04"
"28/02/2024","Iof Diario Db Pf","OUTROS","Compra à vista","R$ 0,05"
"28/02/2024","Juros De Mora","OUTROS","Compra à vista","R$ 0,16"
"28/02/2024","Juros De Mora","OUTROS","Compra à vista","R$ 0,20"
"28/02/2024","Encargos Rotativo","OUTROS","Compra à vista","R$ 2,91"
"28/02/2024","Multa Por Atraso","OUTROS","Compra à vista","R$ 20,72"
"28/02/2024","Encargos Rotativo","OUTROS","Compra à vista","R$ 2,36"
"28/02/2024","Ifd*jcf Alimentos Ltda Sao Paulo     Bra","RESTAURANTES","Compra à vista","R$ 62,79"
"28/02/2024","Uilson Gomes De Brit   Sao Paulo     Bra","RESTAURANTES","Compra à vista","R$ 13,00"
"28/02/2024","Iof Adicional Db Pf","OUTROS","Compra à vista","R$ 2,51"
"27/02/2024","Pag*antoniocarlosjose  Sao Paulo     Bra","SUPERMERCADO","Compra à vista","R$ 17,00"
"27/02/2024","Oxxo Husband           Sao Paulo     Bra","SUPERMERCADO","Compra à vista","R$ 6,99"
"26/02/2024","Melissa Gregorio Oliv  Sao Paulo     Bra","OUTROS","Compra à vista","R$ 22,00"
"26/02/2024","Mercado Sempre Mais    Sao Paulo     Bra","SUPERMERCADO","Compra à vista","R$ 9,99"
"26/02/2024","Lanchonete Ubajara     Sao Paulo     Bra","RESTAURANTES","Compra à vista","R$ 5,00"
"25/02/2024","Ifd*mimic Fornecimento Sao Paulo     Bra","SUPERMERCADO","Compra à vista","R$ 69,99"
"24/02/2024","Pag*gueldoces          Sao Paulo     Bra","SUPERMERCADO","Compra à vista","R$ 22,00"
"24/02/2024","Hirota Grand Club Tatu Sao Paulo     Bra","SUPERMERCADO","Compra à vista","R$ 10,69"
"23/02/2024","Mercado Sempre Mais Lt Sao Paulo     Bra","SUPERMERCADO","Compra à vista","R$ 122,93"
"23/02/2024","Pag*nomorepaincomidav  Sao Paulo     Bra","RESTAURANTES","Compra à vista","R$ 51,70"
"22/02/2024","Drive Barbearia Tatuap Sao Paulo     Bra","OUTROS","Compra à vista","R$ 75,00"
"22/02/2024","Kfc Shopping Metro San Sao Paulo     Bra","RESTAURANTES","Compra à vista","R$ 34,50"
"22/02/2024","Hirota Grand Club Tatu Sao Paulo     Bra","SUPERMERCADO","Compra à vista","R$ 7,79"
"22/02/2024","Hirota Grand Club Tatu Sao Paulo     Bra","SUPERMERCADO","Compra à vista","R$ 24,59"
"22/02/2024","Cinemark Santa Cruz    Sao Paulo     Bra","CULTURA","Compra à vista","R$ 12,00"
"21/02/2024","Amazon Br              Sao Paulo     Bra","VESTUARIO","Compra à vista","R$ 36,90"
"21/02/2024","Mercado Sempre Mais    Sao Paulo     Bra","SUPERMERCADO","Compra à vista","R$ 135,18"
"20/02/2024","Uber   *uber   *trip   Sao Paulo     Bra","TRANSPORTE","Compra à vista","R$ 16,95"
"20/02/2024","Uber   *uber   *trip   Sao Paulo     Bra","TRANSPORTE","Compra à vista","R$ 16,93"
"20/02/2024","Extrafarma Shopping Me Sao Paulo     Bra","DROGARIA","Compra à vista","R$ 78,44"
"18/02/2024","Ifd*jcf Alimentos Ltda Sao Paulo     Bra","RESTAURANTES","Compra à vista","R$ 74,79"
"18/02/2024","Preco E Cia            Sao Paulo     Bra","SUPERMERCADO","Compra à vista","R$ 193,18"
"18/02/2024","Ifd*patricia Lumy Do V Sao Paulo     Bra","RESTAURANTES","Compra à vista","R$ 39,00"
"17/02/2024","Uber   *uber   *trip   Sao Paulo     Bra","TRANSPORTE","Compra à vista","R$ 64,93"
"17/02/2024","Ifd*silmac Bar E Resta Sao Paulo     Bra","SUPERMERCADO","Compra à vista","R$ 39,75"
"17/02/2024","Padroeiro Bar          Sao Paulo     Bra","RESTAURANTES","Compra à vista","R$ 169,27"
"17/02/2024","Mercado Sempre Mais    Sao Paulo     Bra","SUPERMERCADO","Compra à vista","R$ 177,99"
"17/02/2024","Cafe E Salg Quero Mais Sao Paulo     Bra","RESTAURANTES","Compra à vista","R$ 18,40"
"17/02/2024","Hirota Grand Club Tatu Sao Paulo     Bra","SUPERMERCADO","Compra à vista","R$ 48,15"
"17/02/2024","Caristofarmatatuape    Sao Paulo     Bra","DROGARIA","Compra à vista","R$ 18,99"
"16/02/2024","Ifd*dfran Pizzaria Eir Lauro De Frei Bra","RESTAURANTES","Compra à vista","R$ 139,97"
"10/02/2024","Hiperideal             Salvador      Bra","COMPRAS","Compra à vista","R$ 2,30"
"09/02/2024","Uber   *uber   *trip   Sao Paulo     Bra","TRANSPORTE","Compra à vista","R$ 10,57"
"09/02/2024","Ifd*ledox Comercio De  Lauro De Frei Bra","RESTAURANTES","Compra à vista","R$ 125,70"
"08/02/2024","Mais1 Cafe Ba/lauro De Lauro De Frei Bra","RESTAURANTES","Compra à vista","R$ 50,60"
"06/02/2024","Pagamento De Fatura","OUTROS","Compra à vista","-R$ 1.163,33"
"04/02/2024","Uber   *uber   *trip   Sao Paulo     Bra","TRANSPORTE","Compra à vista","R$ 29,97"
"03/02/2024","Uber   *uber   *trip   Sao Paulo     Bra","TRANSPORTE","Compra à vista","R$ 14,95"
"03/02/2024","Larica Lanches         Salvador      Bra","RESTAURANTES","Compra à vista","R$ 16,99"
"03/02/2024","Lojas Americanas 44    Salvador      Bra","SUPERMERCADO","Compra à vista","R$ 5,90"
"02/02/2024","Outback Lauro De Freit Lauro De Frei Bra","RESTAURANTES","Compra à vista","R$ 258,27"
"02/02/2024","Google Hbo Max         Sao Paulo     Bra","OUTROS","Compra à vista","R$ 34,90"
"02/02/2024","Estapar Scp Shop Parqu Lauro De Frei Bra","TRANSPORTE","Compra à vista","R$ 10,00"
"01/02/2024","Pizza Hut Sdb          Salvador      Bra","RESTAURANTES","Compra à vista","R$ 104,20"
"30/01/2024","Mc Donalds             Salvador      Bra","RESTAURANTES","Compra à vista","R$ 44,00"
"30/01/2024","Ls Hortifruti          Salvador      Bra","SUPERMERCADO","Compra à vista","R$ 92,00"
"30/01/2024","Uber   *uber   *trip   Sao Paulo     Bra","TRANSPORTE","Compra à vista","R$ 44,97"
"30/01/2024","Uber   *uber   *trip   Sao Paulo     Bra","TRANSPORTE","Compra à vista","R$ 14,94"
"30/01/2024","Pag*mepayfinancial     Nova Lima     Bra","OUTROS","Compra à vista","R$ 20,00"
"28/01/2024","Iof Adicional Db Pf","OUTROS","Compra à vista","R$ 0,34"
"28/01/2024","Iof Diario Db Pf","OUTROS","Compra à vista","R$ 0,02"
"28/01/2024","Iof Adicional Db Pf","OUTROS","Compra à vista","R$ 2,03"
"28/01/2024","Iof Diario Db Pf","OUTROS","Compra à vista","R$ 0,13"
"28/01/2024","Iof Adicional Db Pf","OUTROS","Compra à vista","R$ 8,64"
"28/01/2024","Iof Diario Db Pf","OUTROS","Compra à vista","R$ 0,56"
"28/01/2024","Juros De Mora","OUTROS","Compra à vista","R$ 0,09"
"28/01/2024","Juros De Mora","OUTROS","Compra à vista","R$ 2,17"
"28/01/2024","Encargos Rotativo","OUTROS","Compra à vista","R$ 1,09"
"28/01/2024","Encargos Rotativo","OUTROS","Compra à vista","R$ 7,71"
"28/01/2024","Encargos Rotativo","OUTROS","Compra à vista","R$ 31,92"
"28/01/2024","Multa Por Atraso","OUTROS","Compra à vista","R$ 55,58"
"28/01/2024","Juros De Mora","OUTROS","Compra à vista","R$ 0,52"
"26/01/2024","Kawai Poke Food        Lauro De Frei Bra","RESTAURANTES","Compra à vista","R$ 203,61"
"25/01/2024","Novo Mix Atacado De Al Camacari      Bra","COMPRAS","Compra à vista","R$ 45,69"
"21/01/2024","Uber   *uber   *trip   Sao Paulo     Bra","TRANSPORTE","Compra à vista","R$ 44,95"
"20/01/2024","Uber   *uber   *trip   Sao Paulo     Bra","TRANSPORTE","Compra à vista","R$ 19,99"
"19/01/2024","Kop Salvador Iguatemi  Salvador      Bra","SUPERMERCADO","Compra à vista","R$ 20,90"
"14/01/2024","Do Alto Itaigara Ltda  Salvador      Bra","RESTAURANTES","Compra à vista","R$ 12,58"
"14/01/2024","Do Alto Itaigara Ltda  Salvador      Bra","RESTAURANTES","Compra à vista","R$ 3,90"
"08/01/2024","Pagamento De Fatura","OUTROS","Compra à vista","-R$ 2.908,94"
"05/01/2024","Novo Mix Atacado De Al Camacari      Bra","COMPRAS","Compra à vista","R$ 58,29"
"04/01/2024","Jessica                Camacari      Bra","SUPERMERCADO","Compra à vista","R$ 35,32"
"02/01/2024","Google Hbo Max         Sao Paulo     Bra","OUTROS","Compra à vista","R$ 34,90"